Year,LGA_KEY,LGA_DESC,Numerator,Denominator,Indicator,,,,,,,,,,
2010,20110,Alpine (S), NDP , NDP , NDP ,,,,,,,,,,
2010,20260,Ararat (RC), 7 , 146 ,4.9%,,,,,,,,,,
2010,20570,Ballarat (C), 61 ," 1,075 ",5.7%,,,,,,,,,,
2010,20660,Banyule (C), 47 ," 1,140 ",4.2%,,,,,,,,,,
2010,20740,Bass Coast (S), 12 , 313 ,3.7%,,,,,,,,,,
2010,20830,Baw Baw (S), 46 , 676 ,6.8%,,,,,,,,,,
2010,20910,Bayside (C), 21 ," 1,018 ",2.0%,,,,,,,,,,
2010,21010,Benalla (RC), 11 , 142 ,7.4%,,,,,,,,,,
2010,21110,Boroondara (C), 23 ," 1,579 ",1.4%,,,,,,,,,,
2010,21180,Brimbank (C), 103 ," 2,115 ",4.9%,,,,,,,,,,
2010,21270,Buloke (S), NDP , NDP , NDP ,,,,,,,,,,
2010,21370,Campaspe (S), 25 , 470 ,5.4%,,,,,,,,,,
2010,21450,Cardinia (S), 56 , 883 ,6.3%,,,,,,,,,,
2010,21610,Casey (C), 169 ," 3,111 ",5.4%,,,,,,,,,,
2010,21670,Central Goldfields (S), 11 , 119 ,8.8%,,,,,,,,,,
2010,21750,Colac-Otway (S), 13 , 273 ,4.8%,,,,,,,,,,
2010,21830,Corangamite (S), 6 , 179 ,3.3%,,,,,,,,,,
2010,21890,Darebin (C), 41 ," 1,361 ",3.0%,,,,,,,,,,
2010,22110,East Gippsland (S), 19 , 443 ,4.3%,,,,,,,,,,
2010,22170,Frankston (C), 74 ," 1,387 ",5.3%,,,,,,,,,,
2010,22250,Gannawarra (S), 9 , 100 ,9.0%,,,,,,,,,,
2010,22310,Glen Eira (C), 23 ," 1,200 ",1.9%,,,,,,,,,,
2010,22410,Glenelg (S), 11 , 200 ,5.7%,,,,,,,,,,
2010,22490,Golden Plains (S), 11 , 255 ,4.5%,,,,,,,,,,
2010,22620,Greater Bendigo (C), 63 ," 1,027 ",6.2%,,,,,,,,,,
2010,22670,Greater Dandenong (C), 61 ," 1,316 ",4.7%,,,,,,,,,,
2010,22750,Greater Geelong (C), 107 ," 2,104 ",5.1%,,,,,,,,,,
2010,22830,Greater Shepparton (C), 55 , 826 ,6.6%,,,,,,,,,,
2010,22910,Hepburn (S), NDP , NDP ,3.4%,,,,,,,,,,
2010,22980,Hindmarsh (S), NDP , NDP , NDP ,,,,,,,,,,
2010,23110,Hobsons Bay (C), 27 , 733 ,3.7%,,,,,,,,,,
2010,23190,Horsham (RC), 13 , 209 ,6.1%,,,,,,,,,,
2010,23270,Hume (C), 122 ," 2,157 ",5.6%,,,,,,,,,,
2010,23350,Indigo (S), 7 , 156 ,4.5%,,,,,,,,,,
2010,23430,Kingston (C), 48 ," 1,535 ",3.1%,,,,,,,,,,
2010,23670,Knox (C), 57 ," 1,513 ",3.8%,,,,,,,,,,
2010,23810,Latrobe (C), 45 , 558 ,8.1%,,,,,,,,,,
2010,23940,Loddon (S), 11 , 179 ,6.0%,,,,,,,,,,
2010,24130,Macedon Ranges (S), 19 , 654 ,2.9%,,,,,,,,,,
2010,24210,Manningham (C), 28 ," 1,186 ",2.3%,,,,,,,,,,
2010,24250,Mansfield (S), NDP , NDP , NDP ,,,,,,,,,,
2010,24330,Maribyrnong (C), 27 , 653 ,4.2%,,,,,,,,,,
2010,24410,Maroondah (C), 38 ," 1,125 ",3.4%,,,,,,,,,,
2010,24600,Melbourne (C), 17 , 421 ,4.0%,,,,,,,,,,
2010,24650,Melton (S), 62 ," 1,241 ",5.0%,,,,,,,,,,
2010,24780,Mildura (RC), 35 , 601 ,5.8%,,,,,,,,,,
2010,24850,Mitchell (S), 17 , 341 ,5.0%,,,,,,,,,,
2010,24900,Moira (S), 20 , 339 ,6.0%,,,,,,,,,,
2010,24970,Monash (C), 45 ," 1,564 ",2.8%,,,,,,,,,,
2010,25060,Moonee Valley (C), 22 , 841 ,2.6%,,,,,,,,,,
2010,25150,Moorabool (S), 10 , 308 ,3.4%,,,,,,,,,,
2010,25250,Moreland (C), 40 ," 1,287 ",3.1%,,,,,,,,,,
2010,25340,Mornington Peninsula (S), 73 ," 1,559 ",4.7%,,,,,,,,,,
2010,25430,Mount Alexander (S), 8 , 193 ,4.3%,,,,,,,,,,
2010,25490,Moyne (S), 14 , 219 ,6.3%,,,,,,,,,,
2010,25620,Murrindindi (S), 12 , 225 ,5.1%,,,,,,,,,,
2010,25710,Nillumbik (S), 27 , 792 ,3.4%,,,,,,,,,,
2010,25810,Northern Grampians (S), 6 , 120 ,4.8%,,,,,,,,,,
2010,25900,Port Phillip (C), 7 , 504 ,1.3%,,,,,,,,,,
2010,25990,Pyrenees (S), 10 , 130 ,7.8%,,,,,,,,,,
2010,26080,Queenscliffe (B), NDP , NDP , NDP ,,,,,,,,,,
2010,26170,South Gippsland (S), 14 , 317 ,4.4%,,,,,,,,,,
2010,26260,Southern Grampians (S), 14 , 194 ,7.2%,,,,,,,,,,
2010,26350,Stonnington (C), 8 , 542 ,1.4%,,,,,,,,,,
2010,26430,Strathbogie (S), 6 , 97 ,6.2%,,,,,,,,,,
2010,26490,Surf Coast (S), 19 , 587 ,3.2%,,,,,,,,,,
2010,26610,Swan Hill (RC), 8 , 147 ,5.4%,,,,,,,,,,
2010,26670,Towong (S), NDP , NDP , NDP ,,,,,,,,,,
2010,29399,Unincoporated Vic, NDP , NDP , NDP ,,,,,,,,,,
2010,2,Unknown LGA in Victoria, NDP , NDP , NDP ,,,,,,,,,,
2010,26700,Wangaratta (RC), 19 , 326 ,5.8%,,,,,,,,,,
2010,26730,Warrnambool (C), 17 , 402 ,4.2%,,,,,,,,,,
2010,26810,Wellington (S), 37 , 599 ,6.2%,,,,,,,,,,
2010,26890,West Wimmera (S), NDP , NDP , NDP ,,,,,,,,,,
2010,26980,Whitehorse (C), 33 ," 1,725 ",1.9%,,,,,,,,,,
2010,27070,Whittlesea (C), 83 ," 1,743 ",4.8%,,,,,,,,,,
2010,27170,Wodonga (RC), 24 , 451 ,5.3%,,,,,,,,,,
2010,27260,Wyndham (C), 100 ," 1,925 ",5.2%,,,,,,,,,,
2010,27350,Yarra (C), 22 , 554 ,3.9%,,,,,,,,,,
2010,27450,Yarra Ranges (S), 81 ," 1,737 ",4.7%,,,,,,,,,,
2010,27630,Yarriambiack (S), 6 , 74 ,7.4%,,,,,,,,,,
2010,,Victoria- Female, 833 ," 27,130 ",3.1%,,,,,,,,,,
2010,,Victoria- Male," 1,607 "," 28,424 ",5.7%,,,,,,,,,,
2010,,Victoria- Aboriginal, 97 , 882 ,11.0%,,,,,,,,,,
2010,,Victoria- Non-Aboriginal," 2,330 "," 54,410 ",4.3%,,,,,,,,,,
2010,,Victoria- Lives with one parent, 638 ," 7,101 ",9.0%,,,,,,,,,,
2010,,Victoria- Lives with both parents," 1,526 "," 46,380 ",3.3%,,,,,,,,,,
2010,,Victoria- Other living arrangements, 305 ," 3,432 ",8.9%,,,,,,,,,,
2010,,Victoria," 2,469 "," 56,912 ",4.3%,,,,,,,,,,
2011,20110,Alpine (S), NDP , NDP ,3.8%,,,,,,,,,,
2011,20260,Ararat (RC), NDP , NDP , NDP ,,,,,,,,,,
2011,20570,Ballarat (C),62,1115,5.6%,,,,,,,,,,
2011,20660,Banyule (C),32,988,3.2%,,,,,,,,,,
2011,20740,Bass Coast (S),15,336,4.5%,,,,,,,,,,
2011,20830,Baw Baw (S),29,500,5.9%,,,,,,,,,,
2011,20910,Bayside (C),22,1057,2.1%,,,,,,,,,,
2011,21010,Benalla (RC),8,125,6.4%,,,,,,,,,,
2011,21110,Boroondara (C),21,1547,1.3%,,,,,,,,,,
2011,21180,Brimbank (C),93,2031,4.6%,,,,,,,,,,
2011,21270,Buloke (S),8,75,10.4%,,,,,,,,,,
2011,21370,Campaspe (S),34,459,7.4%,,,,,,,,,,
2011,21450,Cardinia (S),55,1046,5.3%,,,,,,,,,,
2011,21610,Casey (C),147,3581,4.1%,,,,,,,,,,
2011,21670,Central Goldfields (S),6,126,4.5%,,,,,,,,,,
2011,21750,Colac-Otway (S),10,240,4.3%,,,,,,,,,,
2011,21830,Corangamite (S),10,219,4.7%,,,,,,,,,,
2011,21890,Darebin (C),43,1322,3.2%,,,,,,,,,,
2011,22110,East Gippsland (S),25,477,5.2%,,,,,,,,,,
2011,22170,Frankston (C),70,1357,5.2%,,,,,,,,,,
2011,22250,Gannawarra (S), NDP , NDP , NDP ,,,,,,,,,,
2011,22310,Glen Eira (C),31,1294,2.4%,,,,,,,,,,
2011,22410,Glenelg (S),7,184,3.9%,,,,,,,,,,
2011,22490,Golden Plains (S),13,260,5.0%,,,,,,,,,,
2011,22620,Greater Bendigo (C),54,1180,4.6%,,,,,,,,,,
2011,22670,Greater Dandenong (C),81,1463,5.5%,,,,,,,,,,
2011,22750,Greater Geelong (C),109,2403,4.5%,,,,,,,,,,
2011,22830,Greater Shepparton (C),41,795,5.2%,,,,,,,,,,
2011,22910,Hepburn (S),6,147,3.9%,,,,,,,,,,
2011,22980,Hindmarsh (S), NDP , NDP , NDP ,,,,,,,,,,
2011,23110,Hobsons Bay (C),33,892,3.7%,,,,,,,,,,
2011,23190,Horsham (RC),13,247,5.2%,,,,,,,,,,
2011,23270,Hume (C),123,2262,5.4%,,,,,,,,,,
2011,23350,Indigo (S), NDP , NDP ,3.5%,,,,,,,,,,
2011,23430,Kingston (C),39,1537,2.5%,,,,,,,,,,
2011,23670,Knox (C),56,1596,3.5%,,,,,,,,,,
2011,23810,Latrobe (C),74,879,8.4%,,,,,,,,,,
2011,23940,Loddon (S), NDP , NDP ,6.2%,,,,,,,,,,
2011,24130,Macedon Ranges (S),19,617,3.1%,,,,,,,,,,
2011,24210,Manningham (C),34,1142,3.0%,,,,,,,,,,
2011,24250,Mansfield (S), NDP , NDP , NDP ,,,,,,,,,,
2011,24330,Maribyrnong (C),22,704,3.1%,,,,,,,,,,
2011,24410,Maroondah (C),35,1123,3.1%,,,,,,,,,,
2011,24600,Melbourne (C),8,334,2.4%,,,,,,,,,,
2011,24650,Melton (S),80,1446,5.6%,,,,,,,,,,
2011,24780,Mildura (RC),38,620,6.1%,,,,,,,,,,
2011,24850,Mitchell (S),14,386,3.7%,,,,,,,,,,
2011,24900,Moira (S),18,310,5.8%,,,,,,,,,,
2011,24970,Monash (C),49,1504,3.2%,,,,,,,,,,
2011,25060,Moonee Valley (C),19,1087,1.7%,,,,,,,,,,
2011,25150,Moorabool (S),19,371,5.2%,,,,,,,,,,
2011,25250,Moreland (C),39,1438,2.7%,,,,,,,,,,
2011,25340,Mornington Peninsula (S),68,1666,4.1%,,,,,,,,,,
2011,25430,Mount Alexander (S),9,184,4.9%,,,,,,,,,,
2011,25490,Moyne (S),9,222,4.3%,,,,,,,,,,
2011,25620,Murrindindi (S), NDP , NDP , NDP ,,,,,,,,,,
2011,25710,Nillumbik (S),17,647,2.7%,,,,,,,,,,
2011,25810,Northern Grampians (S),7,155,4.7%,,,,,,,,,,
2011,25900,Port Phillip (C),8,554,1.4%,,,,,,,,,,
2011,25990,Pyrenees (S),7,76,8.7%,,,,,,,,,,
2011,26080,Queenscliffe (B), NDP , NDP , NDP ,,,,,,,,,,
2011,26170,South Gippsland (S),17,329,5.0%,,,,,,,,,,
2011,26260,Southern Grampians (S),9,167,5.3%,,,,,,,,,,
2011,26350,Stonnington (C),7,591,1.2%,,,,,,,,,,
2011,26430,Strathbogie (S),6,92,6.7%,,,,,,,,,,
2011,26490,Surf Coast (S),7,374,2.0%,,,,,,,,,,
2011,26610,Swan Hill (RC),20,240,8.2%,,,,,,,,,,
2011,26670,Towong (S), NDP , NDP , NDP ,,,,,,,,,,
2011,29399,Unincoporated Vic, NDP , NDP , NDP ,,,,,,,,,,
2011,2,Unknown LGA in Victoria,NDP,NDP,NDP,,,,,,,,,,
2011,26700,Wangaratta (RC),18,332,5.4%,,,,,,,,,,
2011,26730,Warrnambool (C),18,396,4.5%,,,,,,,,,,
2011,26810,Wellington (S),41,550,7.5%,,,,,,,,,,
2011,26890,West Wimmera (S), NDP , NDP ,13.8%,,,,,,,,,,
2011,26980,Whitehorse (C),36,1638,2.2%,,,,,,,,,,
2011,27070,Whittlesea (C),77,2005,3.8%,,,,,,,,,,
2011,27170,Wodonga (RC),25,436,5.6%,,,,,,,,,,
2011,27260,Wyndham (C),108,2170,5.0%,,,,,,,,,,
2011,27350,Yarra (C),8,506,1.6%,,,,,,,,,,
2011,27450,Yarra Ranges (S),71,1746,4.0%,,,,,,,,,,
2011,27630,Yarriambiack (S), NDP , NDP , NDP ,,,,,,,,,,
2011,,Victoria- Female, 825 ," 28,226 ",2.9%,,,,,,,,,,
2011,,Victoria- Male," 1,549 "," 29,228 ",5.3%,,,,,,,,,,
2011,,Victoria- Aboriginal, 94 , 887 ,10.6%,,,,,,,,,,
2011,,Victoria- Non-Aboriginal," 2,268 "," 55,995 ",4.0%,,,,,,,,,,
2011,,Victoria- Lives with one parent, 678 ," 7,415 ",9.1%,,,,,,,,,,
2011,,Victoria- Lives with both parents," 1,440 "," 47,791 ",3.0%,,,,,,,,,,
2011,,Victoria- Other living arrangements, 281 ," 3,758 ",7.5%,,,,,,,,,,
2011,,Victoria," 2,400 "," 58,964 ",4.1%,,,,,,,,,,
2012,20110,Alpine (S), NDP , NDP , NDP ,,,,,,,,,,
2012,20260,Ararat (RC), 8 , 124 ,6.8%,,,,,,,,,,
2012,20570,Ballarat (C), 62 ," 1,246 ",5.0%,,,,,,,,,,
2012,20660,Banyule (C), 33 ," 1,277 ",2.6%,,,,,,,,,,
2012,20740,Bass Coast (S), 16 , 372 ,4.4%,,,,,,,,,,
2012,20830,Baw Baw (S), 33 , 525 ,6.4%,,,,,,,,,,
2012,20910,Bayside (C), 19 ," 1,086 ",1.7%,,,,,,,,,,
2012,21010,Benalla (RC), 17 , 158 ,10.8%,,,,,,,,,,
2012,21110,Boroondara (C), 27 ," 1,586 ",1.7%,,,,,,,,,,
2012,21180,Brimbank (C), 76 ," 2,034 ",3.7%,,,,,,,,,,
2012,21270,Buloke (S), NDP , NDP , NDP ,,,,,,,,,,
2012,21370,Campaspe (S), 25 , 433 ,5.7%,,,,,,,,,,
2012,21450,Cardinia (S), 64 ," 1,187 ",5.4%,,,,,,,,,,
2012,21610,Casey (C), 211 ," 3,857 ",5.5%,,,,,,,,,,
2012,21670,Central Goldfields (S), 13 , 138 ,9.3%,,,,,,,,,,
2012,21750,Colac-Otway (S), 11 , 277 ,4.1%,,,,,,,,,,
2012,21830,Corangamite (S), 13 , 208 ,6.0%,,,,,,,,,,
2012,21890,Darebin (C), 36 ," 1,393 ",2.6%,,,,,,,,,,
2012,22110,East Gippsland (S), 30 , 505 ,5.9%,,,,,,,,,,
2012,22170,Frankston (C), 101 ," 1,513 ",6.7%,,,,,,,,,,
2012,22250,Gannawarra (S), NDP , NDP ,3.4%,,,,,,,,,,
2012,22310,Glen Eira (C), 29 ," 1,310 ",2.2%,,,,,,,,,,
2012,22410,Glenelg (S), 7 , 190 ,3.7%,,,,,,,,,,
2012,22490,Golden Plains (S), 7 , 272 ,2.4%,,,,,,,,,,
2012,22620,Greater Bendigo (C), 77 ," 1,311 ",5.9%,,,,,,,,,,
2012,22670,Greater Dandenong (C), 62 ," 1,477 ",4.2%,,,,,,,,,,
2012,22750,Greater Geelong (C), 117 ," 2,020 ",5.8%,,,,,,,,,,
2012,22830,Greater Shepparton (C), 57 , 924 ,6.2%,,,,,,,,,,
2012,22910,Hepburn (S), NDP , NDP ,3.0%,,,,,,,,,,
2012,22980,Hindmarsh (S), NDP , NDP , NDP ,,,,,,,,,,
2012,23110,Hobsons Bay (C), 26 , 738 ,3.6%,,,,,,,,,,
2012,23190,Horsham (RC), 10 , 246 ,4.0%,,,,,,,,,,
2012,23270,Hume (C), 122 ," 2,212 ",5.5%,,,,,,,,,,
2012,23350,Indigo (S), 10 , 210 ,4.7%,,,,,,,,,,
2012,23430,Kingston (C), 50 ," 1,586 ",3.1%,,,,,,,,,,
2012,23670,Knox (C), 72 ," 1,587 ",4.6%,,,,,,,,,,
2012,23810,Latrobe (C), 68 , 917 ,7.4%,,,,,,,,,,
2012,23940,Loddon (S), NDP , NDP , NDP ,,,,,,,,,,
2012,24130,Macedon Ranges (S), 22 , 646 ,3.4%,,,,,,,,,,
2012,24210,Manningham (C), 33 ," 1,124 ",2.9%,,,,,,,,,,
2012,24250,Mansfield (S), NDP , NDP , NDP ,,,,,,,,,,
2012,24330,Maribyrnong (C), 25 , 678 ,3.7%,,,,,,,,,,
2012,24410,Maroondah (C), 44 ," 1,163 ",3.8%,,,,,,,,,,
2012,24600,Melbourne (C), 7 , 307 ,2.2%,,,,,,,,,,
2012,24650,Melton (S), 78 ," 1,442 ",5.4%,,,,,,,,,,
2012,24780,Mildura (RC), 35 , 710 ,4.9%,,,,,,,,,,
2012,24850,Mitchell (S), 31 , 523 ,5.9%,,,,,,,,,,
2012,24900,Moira (S), 24 , 351 ,6.9%,,,,,,,,,,
2012,24970,Monash (C), 29 ," 1,552 ",1.9%,,,,,,,,,,
2012,25060,Moonee Valley (C), 18 , 713 ,2.5%,,,,,,,,,,
2012,25150,Moorabool (S), 20 , 414 ,4.7%,,,,,,,,,,
2012,25250,Moreland (C), 42 ," 1,358 ",3.1%,,,,,,,,,,
2012,25340,Mornington Peninsula (S), 69 ," 1,713 ",4.0%,,,,,,,,,,
2012,25430,Mount Alexander (S), NDP , NDP ,2.8%,,,,,,,,,,
2012,25490,Moyne (S), 9 , 215 ,4.1%,,,,,,,,,,
2012,25620,Murrindindi (S), 8 , 147 ,5.1%,,,,,,,,,,
2012,25710,Nillumbik (S), 24 , 699 ,3.4%,,,,,,,,,,
2012,25810,Northern Grampians (S), NDP , NDP , NDP ,,,,,,,,,,
2012,25900,Port Phillip (C), 14 , 602 ,2.4%,,,,,,,,,,
2012,25990,Pyrenees (S), NDP , NDP , NDP ,,,,,,,,,,
2012,26080,Queenscliffe (B), NDP , NDP , NDP ,,,,,,,,,,
2012,26170,South Gippsland (S), 13 , 342 ,3.7%,,,,,,,,,,
2012,26260,Southern Grampians (S), 9 , 169 ,5.3%,,,,,,,,,,
2012,26350,Stonnington (C), 9 , 529 ,1.7%,,,,,,,,,,
2012,26430,Strathbogie (S), NDP , NDP , NDP ,,,,,,,,,,
2012,26490,Surf Coast (S), 17 , 300 ,5.8%,,,,,,,,,,
2012,26610,Swan Hill (RC), 16 , 233 ,6.8%,,,,,,,,,,
2012,26670,Towong (S), NDP , NDP , NDP ,,,,,,,,,,
2012,29399,Unincoporated Vic, NDP , NDP , NDP ,,,,,,,,,,
2012,2,Unknown LGA in Victoria,NDP,NDP,NDP,,,,,,,,,,
2012,26700,Wangaratta (RC), 23 , 331 ,6.8%,,,,,,,,,,
2012,26730,Warrnambool (C), 11 , 345 ,3.1%,,,,,,,,,,
2012,26810,Wellington (S), 38 , 520 ,7.3%,,,,,,,,,,
2012,26890,West Wimmera (S), NDP , NDP , NDP ,,,,,,,,,,
2012,26980,Whitehorse (C), 32 ," 1,750 ",1.8%,,,,,,,,,,
2012,27070,Whittlesea (C), 112 ," 2,131 ",5.3%,,,,,,,,,,
2012,27170,Wodonga (RC), 39 , 479 ,8.1%,,,,,,,,,,
2012,27260,Wyndham (C), 118 ," 2,276 ",5.2%,,,,,,,,,,
2012,27350,Yarra (C), 11 , 528 ,2.1%,,,,,,,,,,
2012,27450,Yarra Ranges (S), 80 ," 1,852 ",4.3%,,,,,,,,,,
2012,27630,Yarriambiack (S), NDP , NDP , NDP ,,,,,,,,,,
2012,,Victoria- Female, 864 ," 28,684 ",3.0%,,,,,,,,,,
2012,,Victoria- Male," 1,733 "," 30,011 ",5.8%,,,,,,,,,,
2012,,Victoria- Aboriginal, 115 , 904 ,12.7%,,,,,,,,,,
2012,,Victoria- Non-Aboriginal," 2,471 "," 57,418 ",4.3%,,,,,,,,,,
2012,,Victoria- Lives with one parent, 657 ," 7,526 ",8.7%,,,,,,,,,,
2012,,Victoria- Lives with both parents," 1,649 "," 48,802 ",3.4%,,,,,,,,,,
2012,,Victoria- Other living arrangements, 307 ," 4,144 ",7.4%,,,,,,,,,,
2012,,Victoria," 2,612 "," 60,472 ",4.3%,,,,,,,,,,
2013,20110,Alpine (S), NDP , NDP , NDP ,,,,,,,,,,
2013,20260,Ararat (RC), 6 , 139 ,4.6%,,,,,,,,,,
2013,20570,Ballarat (C), 70 ," 1,205 ",5.8%,,,,,,,,,,
2013,20660,Banyule (C), 23 ," 1,265 ",1.8%,,,,,,,,,,
2013,20740,Bass Coast (S), 20 , 391 ,5.1%,,,,,,,,,,
2013,20830,Baw Baw (S), 36 , 601 ,5.9%,,,,,,,,,,
2013,20910,Bayside (C), 17 ," 1,094 ",1.6%,,,,,,,,,,
2013,21010,Benalla (RC), 9 , 134 ,6.8%,,,,,,,,,,
2013,21110,Boroondara (C), 34 ," 1,624 ",2.1%,,,,,,,,,,
2013,21180,Brimbank (C), 89 ," 2,261 ",4.0%,,,,,,,,,,
2013,21270,Buloke (S), 5 , 83 ,6.1%,,,,,,,,,,
2013,21370,Campaspe (S), 32 , 442 ,7.3%,,,,,,,,,,
2013,21450,Cardinia (S), 88 ," 1,220 ",7.3%,,,,,,,,,,
2013,21610,Casey (C), 193 ," 4,007 ",4.8%,,,,,,,,,,
2013,21670,Central Goldfields (S), 13 , 127 ,10.0%,,,,,,,,,,
2013,21750,Colac-Otway (S), 19 , 233 ,8.2%,,,,,,,,,,
2013,21830,Corangamite (S), 8 , 222 ,3.8%,,,,,,,,,,
2013,21890,Darebin (C), 35 ," 1,392 ",2.5%,,,,,,,,,,
2013,22110,East Gippsland (S), 39 , 488 ,7.9%,,,,,,,,,,
2013,22170,Frankston (C), 91 ," 1,603 ",5.7%,,,,,,,,,,
2013,22250,Gannawarra (S), 10 , 129 ,7.7%,,,,,,,,,,
2013,22310,Glen Eira (C), 23 ," 1,404 ",1.7%,,,,,,,,,,
2013,22410,Glenelg (S), 8 , 177 ,4.8%,,,,,,,,,,
2013,22490,Golden Plains (S), 12 , 258 ,4.6%,,,,,,,,,,
2013,22620,Greater Bendigo (C), 90 ," 1,306 ",6.9%,,,,,,,,,,
2013,22670,Greater Dandenong (C), 96 ," 1,706 ",5.6%,,,,,,,,,,
2013,22750,Greater Geelong (C), 138 ," 2,526 ",5.4%,,,,,,,,,,
2013,22830,Greater Shepparton (C), 58 , 847 ,6.8%,,,,,,,,,,
2013,22910,Hepburn (S), 10 , 162 ,6.1%,,,,,,,,,,
2013,22980,Hindmarsh (S), NDP , NDP , NDP ,,,,,,,,,,
2013,23110,Hobsons Bay (C), 26 , 966 ,2.7%,,,,,,,,,,
2013,23190,Horsham (RC), 8 , 256 ,3.0%,,,,,,,,,,
2013,23270,Hume (C), 133 ," 2,272 ",5.8%,,,,,,,,,,
2013,23350,Indigo (S), 7 , 206 ,3.3%,,,,,,,,,,
2013,23430,Kingston (C), 44 ," 1,670 ",2.7%,,,,,,,,,,
2013,23670,Knox (C), 65 ," 1,563 ",4.1%,,,,,,,,,,
2013,23810,Latrobe (C), 58 , 893 ,6.5%,,,,,,,,,,
2013,23940,Loddon (S), 6 , 89 ,6.5%,,,,,,,,,,
2013,24130,Macedon Ranges (S), 29 , 616 ,4.7%,,,,,,,,,,
2013,24210,Manningham (C), 30 ," 1,202 ",2.5%,,,,,,,,,,
2013,24250,Mansfield (S), 7 , 92 ,7.5%,,,,,,,,,,
2013,24330,Maribyrnong (C), 25 , 777 ,3.3%,,,,,,,,,,
2013,24410,Maroondah (C), 50 ," 1,197 ",4.2%,,,,,,,,,,
2013,24600,Melbourne (C), 9 , 371 ,2.3%,,,,,,,,,,
2013,24650,Melton (S), 95 ," 1,720 ",5.5%,,,,,,,,,,
2013,24780,Mildura (RC), 44 , 695 ,6.3%,,,,,,,,,,
2013,24850,Mitchell (S), 31 , 442 ,7.0%,,,,,,,,,,
2013,24900,Moira (S), 26 , 320 ,8.3%,,,,,,,,,,
2013,24970,Monash (C), 50 ," 1,652 ",3.1%,,,,,,,,,,
2013,25060,Moonee Valley (C), 34 ," 1,050 ",3.2%,,,,,,,,,,
2013,25150,Moorabool (S), 20 , 417 ,4.8%,,,,,,,,,,
2013,25250,Moreland (C), 50 ," 1,497 ",3.4%,,,,,,,,,,
2013,25340,Mornington Peninsula (S), 75 ," 1,782 ",4.2%,,,,,,,,,,
2013,25430,Mount Alexander (S), 8 , 189 ,4.2%,,,,,,,,,,
2013,25490,Moyne (S), 7 , 226 ,3.0%,,,,,,,,,,
2013,25620,Murrindindi (S), 10 , 164 ,5.9%,,,,,,,,,,
2013,25710,Nillumbik (S), 21 , 695 ,3.1%,,,,,,,,,,
2013,25810,Northern Grampians (S), 8 , 115 ,7.4%,,,,,,,,,,
2013,25900,Port Phillip (C), 9 , 681 ,1.3%,,,,,,,,,,
2013,25990,Pyrenees (S), NDP , NDP , NDP ,,,,,,,,,,
2013,26080,Queenscliffe (B), NDP , NDP , NDP ,,,,,,,,,,
2013,26170,South Gippsland (S), 9 , 350 ,2.4%,,,,,,,,,,
2013,26260,Southern Grampians (S), 7 , 206 ,3.3%,,,,,,,,,,
2013,26350,Stonnington (C), 13 , 659 ,2.0%,,,,,,,,,,
2013,26430,Strathbogie (S), NDP , NDP , NDP ,,,,,,,,,,
2013,26490,Surf Coast (S), NDP , NDP ,NDP,,,,,,,,,,
2013,26610,Swan Hill (RC), 12 , 250 ,4.7%,,,,,,,,,,
2013,26670,Towong (S), NDP , NDP , NDP ,,,,,,,,,,
2013,29399,Unincoporated Vic, NDP , NDP , NDP ,,,,,,,,,,
2013,2,Unknown LGA in Victoria, NDP ,NDP, NDP ,,,,,,,,,,
2013,26700,Wangaratta (RC), 14 , 341 ,4.0%,,,,,,,,,,
2013,26730,Warrnambool (C), 17 , 374 ,4.4%,,,,,,,,,,
2013,26810,Wellington (S), 35 , 517 ,6.8%,,,,,,,,,,
2013,26890,West Wimmera (S), NDP , NDP , NDP ,,,,,,,,,,
2013,26980,Whitehorse (C), 50 ," 1,691 ",2.9%,,,,,,,,,,
2013,27070,Whittlesea (C), 92 ," 2,233 ",4.1%,,,,,,,,,,
2013,27170,Wodonga (RC), 42 , 456 ,9.1%,,,,,,,,,,
2013,27260,Wyndham (C), 124 ," 2,671 ",4.6%,,,,,,,,,,
2013,27350,Yarra (C), 11 , 545 ,2.1%,,,,,,,,,,
2013,27450,Yarra Ranges (S), 75 ," 1,809 ",4.1%,,,,,,,,,,
2013,27630,Yarriambiack (S), 6 , 91 ,6.4%,,,,,,,,,,
2013,,Victoria- Female, 964 ," 29,967 ",3.2%,,,,,,,,,,
2013,,Victoria- Male," 1,797 "," 31,592 ",5.7%,,,,,,,,,,
2013,,Victoria- Aboriginal, 119 ," 1,000 ",11.9%,,,,,,,,,,
2013,,Victoria- Non-Aboriginal," 2,634 "," 60,245 ",4.4%,,,,,,,,,,
2013,,Victoria- Lives with one parent, 737 ," 7,741 ",9.5%,,,,,,,,,,
2013,,Victoria- Lives with both parents," 1,727 "," 51,318 ",3.4%,,,,,,,,,,
2013,,Victoria- Other living arrangements, 322 ," 4,866 ",6.6%,,,,,,,,,,
2013,,Victoria," 2,786 "," 63,925 ",4.4%,,,,,,,,,,
2014,20110,Alpine (S),6,110,5.8%,,,,,,,,,,
2014,20260,Ararat (RC),7,108,6.8%,,,,,,,,,,
2014,20570,Ballarat (C),84,1209,6.9%,,,,,,,,,,
2014,20660,Banyule (C),37,1249,3.0%,,,,,,,,,,
2014,20740,Bass Coast (S),25,361,6.9%,,,,,,,,,,
2014,20830,Baw Baw (S),37,522,7.1%,,,,,,,,,,
2014,20910,Bayside (C),20,1116,1.8%,,,,,,,,,,
2014,21010,Benalla (RC),7,106,6.5%,,,,,,,,,,
2014,21110,Boroondara (C),24,1484,1.6%,,,,,,,,,,
2014,21180,Brimbank (C),96,2312,4.2%,,,,,,,,,,
2014,21270,Buloke (S),6,59,9.9%,,,,,,,,,,
2014,21370,Campaspe (S),46,472,9.7%,,,,,,,,,,
2014,21450,Cardinia (S),81,1257,6.4%,,,,,,,,,,
2014,21610,Casey (C),160,3703,4.3%,,,,,,,,,,
2014,21670,Central Goldfields (S),6,133,4.3%,,,,,,,,,,
2014,21750,Colac-Otway (S),19,243,7.8%,,,,,,,,,,
2014,21830,Corangamite (S),8,189,4.1%,,,,,,,,,,
2014,21890,Darebin (C),38,1319,2.8%,,,,,,,,,,
2014,22110,East Gippsland (S),36,470,7.6%,,,,,,,,,,
2014,22170,Frankston (C),80,1532,5.2%,,,,,,,,,,
2014,22250,Gannawarra (S),NDP,NDP,NDP,,,,,,,,,,
2014,22310,Glen Eira (C),31,1526,2.0%,,,,,,,,,,
2014,22410,Glenelg (S),16,177,9.0%,,,,,,,,,,
2014,22490,Golden Plains (S),14,288,4.9%,,,,,,,,,,
2014,22620,Greater Bendigo (C),102,1362,7.5%,,,,,,,,,,
2014,22670,Greater Dandenong (C),73,1620,4.5%,,,,,,,,,,
2014,22750,Greater Geelong (C),137,2358,5.8%,,,,,,,,,,
2014,22830,Greater Shepparton (C),58,917,6.4%,,,,,,,,,,
2014,22910,Hepburn (S),12,165,7.3%,,,,,,,,,,
2014,22980,Hindmarsh (S),NDP,NDP,NDP,,,,,,,,,,
2014,23110,Hobsons Bay (C),41,1100,3.8%,,,,,,,,,,
2014,23190,Horsham (RC),8,254,3.2%,,,,,,,,,,
2014,23270,Hume (C),139,2367,5.9%,,,,,,,,,,
2014,23350,Indigo (S),7,188,3.5%,,,,,,,,,,
2014,23430,Kingston (C),38,1604,2.3%,,,,,,,,,,
2014,23670,Knox (C),63,1541,4.1%,,,,,,,,,,
2014,23810,Latrobe (C),71,830,8.6%,,,,,,,,,,
2014,23940,Loddon (S),NDP,NDP,NDP,,,,,,,,,,
2014,24130,Macedon Ranges (S),24,571,4.2%,,,,,,,,,,
2014,24210,Manningham (C),32,1149,2.7%,,,,,,,,,,
2014,24250,Mansfield (S),NDP,NDP,NDP,,,,,,,,,,
2014,24330,Maribyrnong (C),26,848,3.1%,,,,,,,,,,
2014,24410,Maroondah (C),48,1161,4.1%,,,,,,,,,,
2014,24600,Melbourne (C),6,407,1.5%,,,,,,,,,,
2014,24650,Melton (C),113,1766,6.4%,,,,,,,,,,
2014,24780,Mildura (RC),54,702,7.7%,,,,,,,,,,
2014,24850,Mitchell (S),28,500,5.6%,,,,,,,,,,
2014,24900,Moira (S),16,320,5.0%,,,,,,,,,,
2014,24970,Monash (C),47,1559,3.0%,,,,,,,,,,
2014,25060,Moonee Valley (C),20,1089,1.9%,,,,,,,,,,
2014,25150,Moorabool (S),27,436,6.2%,,,,,,,,,,
2014,25250,Moreland (C),51,1491,3.5%,,,,,,,,,,
2014,25340,Mornington Peninsula (S),78,1808,4.3%,,,,,,,,,,
2014,25430,Mount Alexander (S),8,177,4.4%,,,,,,,,,,
2014,25490,Moyne (S),11,201,5.4%,,,,,,,,,,
2014,25620,Murrindindi (S),6,151,3.8%,,,,,,,,,,
2014,25710,Nillumbik (S),22,671,3.3%,,,,,,,,,,
2014,25810,Northern Grampians (S),10,118,8.7%,,,,,,,,,,
2014,25900,Port Phillip (C),13,696,1.8%,,,,,,,,,,
2014,25990,Pyrenees (S),NDP,NDP,NDP,,,,,,,,,,
2014,26080,Queenscliffe (B),NDP,NDP,NDP,,,,,,,,,,
2014,26170,South Gippsland (S),27,345,7.9%,,,,,,,,,,
2014,26260,Southern Grampians (S),10,166,6.0%,,,,,,,,,,
2014,26350,Stonnington (C),15,668,2.3%,,,,,,,,,,
2014,26430,Strathbogie (S),NDP,NDP,NDP,,,,,,,,,,
2014,26490,Surf Coast (S),12,321,3.6%,,,,,,,,,,
2014,26610,Swan Hill (RC),21,263,7.9%,,,,,,,,,,
2014,26670,Towong (S),NDP,NDP,NDP,,,,,,,,,,
2014,29399,Unincorporated Vic,NDP,NDP,NDP,,,,,,,,,,
2014,2,Unknown LGA in Victoria,NDP,NDP,NDP,,,,,,,,,,
2014,26700,Wangaratta (RC),19,312,6.0%,,,,,,,,,,
2014,26730,Warrnambool (C),18,384,4.8%,,,,,,,,,,
2014,26810,Wellington (S),28,492,5.6%,,,,,,,,,,
2014,26890,West Wimmera (S),NDP,NDP,NDP,,,,,,,,,,
2014,26980,Whitehorse (C),40,1637,2.5%,,,,,,,,,,
2014,27070,Whittlesea (C),103,2203,4.7%,,,,,,,,,,
2014,27170,Wodonga (C),31,478,6.4%,,,,,,,,,,
2014,27260,Wyndham (C),164,3020,5.4%,,,,,,,,,,
2014,27350,Yarra (C),13,537,2.4%,,,,,,,,,,
2014,27450,Yarra Ranges (S),81,1679,4.8%,,,,,,,,,,
2014,27630,Yarriambiack (S),NDP,NDP,NDP,,,,,,,,,,
2014,,Victoria- Female," 1,045 "," 29,895 ",3.5%,,,,,,,,,,
2014,,Victoria- Male," 1,829 "," 31,236 ",5.9%,,,,,,,,,,
2014,,Victoria- Aboriginal, 126 ," 1,017 ",12.4%,,,,,,,,,,
2014,,Victoria- Non-Aboriginal," 2,727 "," 59,623 ",4.6%,,,,,,,,,,
2014,,Victoria- Lives with one parent, 756 ," 7,625 ",9.9%,,,,,,,,,,
2014,,Victoria- Lives with both parents," 1,771 "," 50,688 ",3.5%,,,,,,,,,,
2014,,Victoria- Other living arrangements, 362 ," 5,077 ",7.1%,,,,,,,,,,
2014,,Victoria," 2,888 "," 63,391 ",4.6%,,,,,,,,,,
2015,20110,Alpine (S),7 ,115 ,5.7%,,,,,,,,,,
2015,20260,Ararat (RC),5 ,106 ,5.2%,,,,,,,,,,
2015,20570,Ballarat (C),73 ,"1,211 ",6.0%,,,,,,,,,,
2015,20660,Banyule (C),34 ,"1,114 ",3.1%,,,,,,,,,,
2015,20740,Bass Coast (S),21 ,350 ,5.9%,,,,,,,,,,
2015,20830,Baw Baw (S),43 ,589 ,7.3%,,,,,,,,,,
2015,20910,Bayside (C),17 ,"1,114 ",1.5%,,,,,,,,,,
2015,21010,Benalla (RC),14 ,154 ,9.2%,,,,,,,,,,
2015,21110,Boroondara (C),34 ,"1,531 ",2.2%,,,,,,,,,,
2015,21180,Brimbank (C),109 ,"2,163 ",5.0%,,,,,,,,,,
2015,21270,Buloke (S),NDP,NDP,NDP,,,,,,,,,,
2015,21370,Campaspe (S),27 ,470 ,5.8%,,,,,,,,,,
2015,21450,Cardinia (S),89 ,"1,305 ",6.9%,,,,,,,,,,
2015,21610,Casey (C),181 ,"3,993 ",4.5%,,,,,,,,,,
2015,21670,Central Goldfields (S),17 ,128 ,13.4%,,,,,,,,,,
2015,21750,Colac-Otway (S),7 ,252 ,2.8%,,,,,,,,,,
2015,21830,Corangamite (S),13 ,171 ,7.9%,,,,,,,,,,
2015,21890,Darebin (C),38 ,"1,326 ",2.8%,,,,,,,,,,
2015,22110,East Gippsland (S),28 ,488 ,5.8%,,,,,,,,,,
2015,22170,Frankston (C),98 ,"1,535 ",6.4%,,,,,,,,,,
2015,22250,Gannawarra (S),8 ,111 ,7.2%,,,,,,,,,,
2015,22310,Glen Eira (C),34 ,"1,481 ",2.3%,,,,,,,,,,
2015,22410,Glenelg (S),11 ,161 ,6.7%,,,,,,,,,,
2015,22490,Golden Plains (S),19 ,300 ,6.3%,,,,,,,,,,
2015,22620,Greater Bendigo (C),92 ,"1,304 ",7.1%,,,,,,,,,,
2015,22670,Greater Dandenong (C),65 ,"1,621 ",4.0%,,,,,,,,,,
2015,22750,Greater Geelong (C),120 ,"2,428 ",4.9%,,,,,,,,,,
2015,22830,Greater Shepparton (C),76 ,891 ,8.5%,,,,,,,,,,
2015,22910,Hepburn (S),8 ,154 ,5.4%,,,,,,,,,,
2015,22980,Hindmarsh (S),6 ,64 ,9.9%,,,,,,,,,,
2015,23110,Hobsons Bay (C),19 ,914 ,2.0%,,,,,,,,,,
2015,23190,Horsham (RC),23 ,248 ,9.3%,,,,,,,,,,
2015,23270,Hume (C),140 ,"2,400 ",5.8%,,,,,,,,,,
2015,23350,Indigo (S),8 ,177 ,4.4%,,,,,,,,,,
2015,23430,Kingston (C),48 ,"1,612 ",3.0%,,,,,,,,,,
2015,23670,Knox (C),55 ,"1,572 ",3.5%,,,,,,,,,,
2015,23810,Latrobe (C),53 ,861 ,6.1%,,,,,,,,,,
2015,23940,Loddon (S),6 ,84 ,6.8%,,,,,,,,,,
2015,24130,Macedon Ranges (S),28 ,668 ,4.1%,,,,,,,,,,
2015,24210,Manningham (C),29 ,"1,105 ",2.7%,,,,,,,,,,
2015,24250,Mansfield (S),6 ,93 ,6.3%,,,,,,,,,,
2015,24330,Maribyrnong (C),23 ,890 ,2.5%,,,,,,,,,,
2015,24410,Maroondah (C),62 ,"1,244 ",5.0%,,,,,,,,,,
2015,24600,Melbourne (C),6 ,342 ,1.7%,,,,,,,,,,
2015,24650,Melton (C),109 ,"1,668 ",6.5%,,,,,,,,,,
2015,24780,Mildura (RC),44 ,632 ,7.0%,,,,,,,,,,
2015,24850,Mitchell (S),42 ,537 ,7.7%,,,,,,,,,,
2015,24900,Moira (S),24 ,327 ,7.2%,,,,,,,,,,
2015,24970,Monash (C),50 ,"1,663 ",3.0%,,,,,,,,,,
2015,25060,Moonee Valley (C),24 ,836 ,2.9%,,,,,,,,,,
2015,25150,Moorabool (S),16 ,436 ,3.6%,,,,,,,,,,
2015,25250,Moreland (C),61 ,"1,449 ",4.2%,,,,,,,,,,
2015,25340,Mornington Peninsula (S),87 ,"1,771 ",4.9%,,,,,,,,,,
2015,25430,Mount Alexander (S),5 ,161 ,3.4%,,,,,,,,,,
2015,25490,Moyne (S),9 ,201 ,4.4%,,,,,,,,,,
2015,25620,Murrindindi (S),12 ,178 ,6.7%,,,,,,,,,,
2015,25710,Nillumbik (S),26 ,544 ,4.7%,,,,,,,,,,
2015,25810,Northern Grampians (S),7 ,91 ,8.2%,,,,,,,,,,
2015,25900,Port Phillip (C),15 ,709 ,2.1%,,,,,,,,,,
2015,25990,Pyrenees (S),NDP,NDP,NDP,,,,,,,,,,
2015,26080,Queenscliffe (B),NDP,NDP,NDP,,,,,,,,,,
2015,26170,South Gippsland (S),13 ,331 ,4.1%,,,,,,,,,,
2015,26260,Southern Grampians (S),9 ,161 ,5.6%,,,,,,,,,,
2015,26350,Stonnington (C),14 ,667 ,2.1%,,,,,,,,,,
2015,26430,Strathbogie (S),6 ,104 ,5.8%,,,,,,,,,,
2015,26490,Surf Coast (S),8 ,417 ,2.0%,,,,,,,,,,
2015,26610,Swan Hill (RC),18 ,265 ,6.7%,,,,,,,,,,
2015,26670,Towong (S),NDP,NDP,NDP,,,,,,,,,,
2015,29399,Unincorporated Vic,NDP,NDP,NDP,,,,,,,,,,
2015,2,Unknown LGA in Victoria,NDP,NDP,NDP,,,,,,,,,,
2015,26700,Wangaratta (RC),19 ,334 ,5.6%,,,,,,,,,,
2015,26730,Warrnambool (C),22 ,344 ,6.3%,,,,,,,,,,
2015,26810,Wellington (S),34 ,494 ,7.0%,,,,,,,,,,
2015,26890,West Wimmera (S),NDP,NDP,NDP,,,,,,,,,,
2015,26980,Whitehorse (C),49 ,"1,590 ",3.1%,,,,,,,,,,
2015,27070,Whittlesea (C),96 ,"2,350 ",4.1%,,,,,,,,,,
2015,27170,Wodonga (C),36 ,477 ,7.4%,,,,,,,,,,
2015,27260,Wyndham (C),136 ,"2,982 ",4.6%,,,,,,,,,,
2015,27350,Yarra (C),14 ,537 ,2.6%,,,,,,,,,,
2015,27450,Yarra Ranges (S),85 ,"1,734 ",4.9%,,,,,,,,,,
2015,27630,Yarriambiack (S),5 ,83 ,6.3%,,,,,,,,,,
2015,,Victoria- Female,"1,006 ","29,400 ",3.4%,,,,,,,,,,
2015,,Victoria- Male,"1,880 ","30,368 ",6.2%,,,,,,,,,,
2015,,Victoria- Aboriginal,144 ,"1,015 ",14.2%,,,,,,,,,,
2015,,Victoria- Non-Aboriginal,"2,734 ","58,269 ",4.7%,,,,,,,,,,
2015,,Victoria- Lives with both parents,"1,755 ","49,708 ",3.5%,,,,,,,,,,
2015,,Victoria- Lives with one parent,790 ,"7,236 ",10.9%,,,,,,,,,,
2015,,Victoria- Other living arrangements,364 ,"6,364 ",5.7%,,,,,,,,,,
2015,,Victoria,"2,909 ","63,308 ",4.6%,,,,,,,,,,
2016,20110,Alpine (S),NDP,NDP,NDP,,,,,,,,,,
2016,20260,Ararat (RC),11,119,9.0%,,,,,,,,,,
2016,20570,Ballarat (C),87,"1,192",7.3%,,,,,,,,,,
2016,20660,Banyule (C),32,"1,015",3.2%,,,,,,,,,,
2016,20740,Bass Coast (S),17,375,4.7%,,,,,,,,,,
2016,20830,Baw Baw (S),39,583,6.7%,,,,,,,,,,
2016,20910,Bayside (C),26,"1,109",2.3%,,,,,,,,,,
2016,21010,Benalla (RC),12,139,8.6%,,,,,,,,,,
2016,21110,Boroondara (C),24,"1,472",1.6%,,,,,,,,,,
2016,21180,Brimbank (C),98,"2,302",4.3%,,,,,,,,,,
2016,21270,Buloke (S),6,66,8.9%,,,,,,,,,,
2016,21370,Campaspe (S),48,464,10.4%,,,,,,,,,,
2016,21450,Cardinia (S),77,"1,329",5.8%,,,,,,,,,,
2016,21610,Casey (C),192,"3,900",4.9%,,,,,,,,,,
2016,21670,Central Goldfields (S),15,136,11.2%,,,,,,,,,,
2016,21750,Colac-Otway (S),14,245,5.7%,,,,,,,,,,
2016,21830,Corangamite (S),10,196,4.9%,,,,,,,,,,
2016,21890,Darebin (C),48,"1,282",3.7%,,,,,,,,,,
2016,22110,East Gippsland (S),40,453,8.8%,,,,,,,,,,
2016,22170,Frankston (C),106,"1,408",7.5%,,,,,,,,,,
2016,22250,Gannawarra (S),8,118,6.8%,,,,,,,,,,
2016,22310,Glen Eira (C),22,"1,536",1.4%,,,,,,,,,,
2016,22410,Glenelg (S),11,165,6.4%,,,,,,,,,,
2016,22490,Golden Plains (S),17,271,6.3%,,,,,,,,,,
2016,22620,Greater Bendigo (C),111,"1,305",8.5%,,,,,,,,,,
2016,22670,Greater Dandenong (C),69,"1,620",4.2%,,,,,,,,,,
2016,22750,Greater Geelong (C),130,"2,349",5.5%,,,,,,,,,,
2016,22830,Greater Shepparton (C),70,807,8.7%,,,,,,,,,,
2016,22910,Hepburn (S),8,144,5.7%,,,,,,,,,,
2016,22980,Hindmarsh (S),NDP,NDP,NDP,,,,,,,,,,
2016,23110,Hobsons Bay (C),47,"1,122",4.2%,,,,,,,,,,
2016,23190,Horsham (RC),24,251,9.5%,,,,,,,,,,
2016,23270,Hume (C),156,"2,354",6.6%,,,,,,,,,,
2016,23350,Indigo (S),13,188,6.9%,,,,,,,,,,
2016,23430,Kingston (C),40,"1,627",2.5%,,,,,,,,,,
2016,23670,Knox (C),67,"1,565",4.3%,,,,,,,,,,
2016,23810,Latrobe (C),65,885,7.4%,,,,,,,,,,
2016,23940,Loddon (S),9,98,9.2%,,,,,,,,,,
2016,24130,Macedon Ranges (S),20,610,3.3%,,,,,,,,,,
2016,24210,Manningham (C),29,"1,095",2.6%,,,,,,,,,,
2016,24250,Mansfield (S),7,84,8.1%,,,,,,,,,,
2016,24330,Maribyrnong (C),30,857,3.5%,,,,,,,,,,
2016,24410,Maroondah (C),52,"1,248",4.1%,,,,,,,,,,
2016,24600,Melbourne (C),7,428,1.7%,,,,,,,,,,
2016,24650,Melton (C),102,"1,995",5.1%,,,,,,,,,,
2016,24780,Mildura (RC),50,636,7.9%,,,,,,,,,,
2016,24850,Mitchell (S),49,532,9.2%,,,,,,,,,,
2016,24900,Moira (S),24,338,7.1%,,,,,,,,,,
2016,24970,Monash (C),38,"1,690",2.3%,,,,,,,,,,
2016,25060,Moonee Valley (C),34,"1,069",3.1%,,,,,,,,,,
2016,25150,Moorabool (S),26,456,5.8%,,,,,,,,,,
2016,25250,Moreland (C),47,"1,425",3.3%,,,,,,,,,,
2016,25340,Mornington Peninsula (S),79,"1,788",4.4%,,,,,,,,,,
2016,25430,Mount Alexander (S),5,188,2.8%,,,,,,,,,,
2016,25490,Moyne (S),13,183,7.0%,,,,,,,,,,
2016,25620,Murrindindi (S),7,140,5.1%,,,,,,,,,,
2016,25710,Nillumbik (S),19,590,3.2%,,,,,,,,,,
2016,25810,Northern Grampians (S),6,106,5.9%,,,,,,,,,,
2016,25900,Port Phillip (C),7,712,1.0%,,,,,,,,,,
2016,25990,Pyrenees (S),5,67,7.9%,,,,,,,,,,
2016,26080,Queenscliffe (B),NDP,NDP,NDP,,,,,,,,,,
2016,26170,South Gippsland (S),16,344,4.6%,,,,,,,,,,
2016,26260,Southern Grampians (S),11,143,7.6%,,,,,,,,,,
2016,26350,Stonnington (C),12,699,1.7%,,,,,,,,,,
2016,26430,Strathbogie (S),8,94,8.6%,,,,,,,,,,
2016,26490,Surf Coast (S),14,361,3.8%,,,,,,,,,,
2016,26610,Swan Hill (RC),28,285,10.0%,,,,,,,,,,
2016,26670,Towong (S),NDP,NDP,NDP,,,,,,,,,,
2016,29399,Unincorporated Vic,NDP,NDP,NDP,,,,,,,,,,
2016,2,Unknown LGA in Victoria,6,65,9.2%,,,,,,,,,,
2016,26700,Wangaratta (RC),18,321,5.6%,,,,,,,,,,
2016,26730,Warrnambool (C),15,326,4.6%,,,,,,,,,,
2016,26810,Wellington (S),52,544,9.7%,,,,,,,,,,
2016,26890,West Wimmera (S),NDP,NDP,NDP,,,,,,,,,,
2016,26980,Whitehorse (C),42,"1,575",2.7%,,,,,,,,,,
2016,27070,Whittlesea (C),106,"2,456",4.3%,,,,,,,,,,
2016,27170,Wodonga (C),40,432,9.3%,,,,,,,,,,
2016,27260,Wyndham (C),159,"3,482",4.6%,,,,,,,,,,
2016,27350,Yarra (C),12,504,2.5%,,,,,,,,,,
2016,27450,Yarra Ranges (S),74,"1,671",4.5%,,,,,,,,,,
2016,27630,Yarriambiack (S),NDP,NDP,NDP,,,,,,,,,,
2016,,Victoria- Female,"1,080","29,504",3.7%,,,,,,,,,,
2016,,Victoria- Male,"1,963","31,091",6.3%,,,,,,,,,,
2016,,Victoria- Other Gender,13,"3,496",0.4%,"Please note - Victoria Other Gender includes responses for Indeterminate, Intersex, Unspecified and Invalid (including not stated).",,,,,,,,,
2016,,Victoria- Aboriginal,162 ,"1,035 ",15.6%,,,,,,,,,,
2016,,Victoria- Non-Aboriginal,"2,894","63,056",4.6%,Please note - Victoria Non-Aboriginal includes invalid and not stated responses. ,,,,,,,,,
2016,,Victoria- Lives with both parents,"1,911","50,755",3.8%,,,,,,,,,,
2016,,Victoria- Lives with one parent,804,"7,343",10.9%,,,,,,,,,,
2016,,Victoria- Other living arrangements,342,"5,993",5.7%,,,,,,,,,,
2016,,Victoria,"3,056","64,091",4.8%,,,,,,,,,,
2017,20110,Alpine (S),NDP,NDP,NDP,,,,,,,,,,
2017,20260,Ararat (RC),5,101,5.1%,,,,,,,,,,
2017,20570,Ballarat (C),78,"1,210",6.5%,,,,,,,,,,
2017,20660,Banyule (C),39,"1,153",3.4%,,,,,,,,,,
2017,20740,Bass Coast (S),27,388,7.0%,,,,,,,,,,
2017,20830,Baw Baw (S),39,582,6.8%,,,,,,,,,,
2017,20910,Bayside (C),18,"1,021",1.8%,,,,,,,,,,
2017,21010,Benalla (RC),14,128,11.0%,,,,,,,,,,
2017,21110,Boroondara (C),30,"1,533",2.0%,,,,,,,,,,
2017,21180,Brimbank (C),107,"2,338",4.6%,,,,,,,,,,
2017,21270,Buloke (S),NDP,NDP,NDP,,,,,,,,,,
2017,21370,Campaspe (S),39,485,8.1%,,,,,,,,,,
2017,21450,Cardinia (S),68,"1,193",5.7%,,,,,,,,,,
2017,21610,Casey (C),217,"4,328",5.0%,,,,,,,,,,
2017,21670,Central Goldfields (S),10,125,8.3%,,,,,,,,,,
2017,21750,Colac-Otway (S),16,229,7.0%,,,,,,,,,,
2017,21830,Corangamite (S),12,167,7.0%,,,,,,,,,,
2017,21890,Darebin (C),52,"1,346",3.8%,,,,,,,,,,
2017,22110,East Gippsland (S),39,485,8.0%,,,,,,,,,,
2017,22170,Frankston (C),96,"1,638",5.9%,,,,,,,,,,
2017,22250,Gannawarra (S),NDP,NDP,NDP,,,,,,,,,,
2017,22310,Glen Eira (C),42,"1,503",2.8%,,,,,,,,,,
2017,22410,Glenelg (S),16,84,18.6%,,,,,,,,,,
2017,22490,Golden Plains (S),16,284,5.6%,,,,,,,,,,
2017,22620,Greater Bendigo (C),103,"1,377",7.5%,,,,,,,,,,
2017,22670,Greater Dandenong (C),60,"1,750",3.4%,,,,,,,,,,
2017,22750,Greater Geelong (C),145,"2,460",5.9%,,,,,,,,,,
2017,22830,Greater Shepparton (C),76,885,8.6%,,,,,,,,,,
2017,22910,Hepburn (S),10,149,6.5%,,,,,,,,,,
2017,22980,Hindmarsh (S),NDP,NDP,NDP,,,,,,,,,,
2017,23110,Hobsons Bay (C),24,583,4.1%,,,,,,,,,,
2017,23190,Horsham (RC),19,226,8.3%,,,,,,,,,,
2017,23270,Hume (C),147,"2,489",5.9%,,,,,,,,,,
2017,23350,Indigo (S),10,166,5.7%,,,,,,,,,,
2017,23430,Kingston (C),49,"1,566",3.1%,,,,,,,,,,
2017,23670,Knox (C),70,"1,487",4.7%,,,,,,,,,,
2017,23810,Latrobe (C),73,826,8.9%,,,,,,,,,,
2017,23940,Loddon (S),NDP,NDP,NDP,,,,,,,,,,
2017,24130,Macedon Ranges (S),19,500,3.9%,,,,,,,,,,
2017,24210,Manningham (C),27,"1,187",2.3%,,,,,,,,,,
2017,24250,Mansfield (S),NDP,NDP,NDP,,,,,,,,,,
2017,24330,Maribyrnong (C),23,565,4.0%,,,,,,,,,,
2017,24410,Maroondah (C),66,"1,275",5.2%,,,,,,,,,,
2017,24600,Melbourne (C),20,410,4.9%,,,,,,,,,,
2017,24650,Melton (C),130,"1,970",6.6%,,,,,,,,,,
2017,24780,Mildura (RC),69,671,10.3%,,,,,,,,,,
2017,24850,Mitchell (S),37,544,6.7%,,,,,,,,,,
2017,24900,Moira (S),19,323,5.7%,,,,,,,,,,
2017,24970,Monash (C),38,"1,759",2.2%,,,,,,,,,,
2017,25060,Moonee Valley (C),16,398,4.1%,,,,,,,,,,
2017,25150,Moorabool (S),31,448,6.8%,,,,,,,,,,
2017,25250,Moreland (C),49,"1,303",3.8%,,,,,,,,,,
2017,25340,Mornington Peninsula (S),80,"1,748",4.6%,,,,,,,,,,
2017,25430,Mount Alexander (S),6,150,4.0%,,,,,,,,,,
2017,25490,Moyne (S),10,156,6.4%,,,,,,,,,,
2017,25620,Murrindindi (S),12,135,9.1%,,,,,,,,,,
2017,25710,Nillumbik (S),19,602,3.2%,,,,,,,,,,
2017,25810,Northern Grampians (S),NDP,NDP,NDP,,,,,,,,,,
2017,25900,Port Phillip (C),15,653,2.4%,,,,,,,,,,
2017,25990,Pyrenees (S),NDP,NDP,NDP,,,,,,,,,,
2017,26080,Queenscliffe (B),NDP,NDP,NDP,,,,,,,,,,
2017,26170,South Gippsland (S),17,346,4.8%,,,,,,,,,,
2017,26260,Southern Grampians (S),NDP,NDP,NDP,,,,,,,,,,
2017,26350,Stonnington (C),11,673,1.6%,,,,,,,,,,
2017,26430,Strathbogie (S),8,109,7.4%,,,,,,,,,,
2017,26490,Surf Coast (S),8,192,3.9%,,,,,,,,,,
2017,26610,Swan Hill (RC),15,255,5.8%,,,,,,,,,,
2017,26670,Towong (S),NDP,NDP,NDP,,,,,,,,,,
2017,29399,Unincorporated Vic,NDP,NDP,NDP,,,,,,,,,,
2017,2,Unknown LGA in Victoria,NDP,NDP,NDP,,,,,,,,,,
2017,26700,Wangaratta (RC),15,301,4.9%,,,,,,,,,,
2017,26730,Warrnambool (C),15,327,4.4%,,,,,,,,,,
2017,26810,Wellington (S),28,500,5.6%,,,,,,,,,,
2017,26890,West Wimmera (S),NDP,NDP,NDP,,,,,,,,,,
2017,26980,Whitehorse (C),50,"1,686",3.0%,,,,,,,,,,
2017,27070,Whittlesea (C),145,"2,826",5.1%,,,,,,,,,,
2017,27170,Wodonga (C),62,535,11.6%,,,,,,,,,,
2017,27260,Wyndham (C),160,"3,817",4.2%,,,,,,,,,,
2017,27350,Yarra (C),13,542,2.4%,,,,,,,,,,
2017,27450,Yarra Ranges (S),101,"1,675",6.1%,,,,,,,,,,
2017,27630,Yarriambiack (S),5,65,7.8%,,,,,,,,,,
2017,,Victoria- Female,"1,167","29,063",4.0%,,,,,,,,,,
2017,,Victoria- Male,"1,949","30,524",6.4%,,,,,,,,,,
2017,,Victoria- Other Gender,29,"4,350",0.7%,"Please note - Victoria Other Gender includes responses for Indeterminate, Intersex, Unspecified and Invalid (including not stated).",,,,,,,,,
2017,,Victoria- Aboriginal,151,"1,047",14.4%,,,,,,,,,,
2017,,Victoria- Non-Aboriginal,"2,994","62,891",4.8%,Please note - Victoria Non-Aboriginal includes invalid and not stated responses. ,,,,,,,,,
2017,,Victoria- Lives with both parents,"1,986","49,976",4.0%,,,,,,,,,,
2017,,Victoria- Lives with one parent,783,"7,267",10.8%,,,,,,,,,,
2017,,Victoria- Other living arrangements,376,"6,694",5.6%,,,,,,,,,,
2017,,Victoria,"3,145","63,937",4.9%,,,,,,,,,,
2018,20110,Alpine (S),5 ,126 ,4.0%,,,,,,,,,,
2018,20260,Ararat (RC),10 ,98 ,10.1%,,,,,,,,,,
2018,20570,Ballarat (C),67 ,658 ,10.1%,,,,,,,,,,
2018,20660,Banyule (C),33 ,899 ,3.6%,,,,,,,,,,
2018,20740,Bass Coast (S),26 ,365 ,7.0%,,,,,,,,,,
2018,20830,Baw Baw (S),43 ,566 ,7.6%,,,,,,,,,,
2018,20910,Bayside (C),25 ,926 ,2.8%,,,,,,,,,,
2018,21010,Benalla (RC),12 ,118 ,10.2%,,,,,,,,,,
2018,21110,Boroondara (C),27 ,"1,235 ",2.2%,,,,,,,,,,
2018,21180,Brimbank (C),136 ,"2,432 ",5.6%,,,,,,,,,,
2018,21270,Buloke (S),6 ,53 ,11.1%,,,,,,,,,,
2018,21370,Campaspe (S),46 ,466 ,10.0%,,,,,,,,,,
2018,21450,Cardinia (S),112 ,"1,604 ",7.0%,,,,,,,,,,
2018,21610,Casey (C),217 ,"4,336 ",5.0%,,,,,,,,,,
2018,21670,Central Goldfields (S),11 ,137 ,8.3%,,,,,,,,,,
2018,21750,Colac-Otway (S),15 ,206 ,7.3%,,,,,,,,,,
2018,21830,Corangamite (S),15 ,184 ,8.2%,,,,,,,,,,
2018,21890,Darebin (C),57 ,"1,305 ",4.4%,,,,,,,,,,
2018,22110,East Gippsland (S),44 ,490 ,9.0%,,,,,,,,,,
2018,22170,Frankston (C),100 ,"1,612 ",6.2%,,,,,,,,,,
2018,22250,Gannawarra (S),11 ,125 ,8.8%,,,,,,,,,,
2018,22310,Glen Eira (C),32 ,"1,446 ",2.2%,,,,,,,,,,
2018,22410,Glenelg (S),11 ,161 ,6.7%,,,,,,,,,,
2018,22490,Golden Plains (S),17 ,251 ,6.9%,,,,,,,,,,
2018,22620,Greater Bendigo (C),110 ,"1,417 ",7.8%,,,,,,,,,,
2018,22670,Greater Dandenong (C),72 ,"1,722 ",4.2%,,,,,,,,,,
2018,22750,Greater Geelong (C),172 ,"2,503 ",6.9%,,,,,,,,,,
2018,22830,Greater Shepparton (C),72 ,869 ,8.2%,,,,,,,,,,
2018,22910,Hepburn (S),8 ,120 ,6.8%,,,,,,,,,,
2018,22980,Hindmarsh (S),NDP,NDP,NDP,,,,,,,,,,
2018,23110,Hobsons Bay (C),37 ,700 ,5.3%,,,,,,,,,,
2018,23190,Horsham (RC),27 ,246 ,10.9%,,,,,,,,,,
2018,23270,Hume (C),172 ,"2,503 ",6.9%,,,,,,,,,,
2018,23350,Indigo (S),12 ,201 ,5.8%,,,,,,,,,,
2018,23430,Kingston (C),53 ,"1,647 ",3.2%,,,,,,,,,,
2018,23670,Knox (C),109 ,"1,622 ",6.7%,,,,,,,,,,
2018,23810,Latrobe (C),99 ,878 ,11.3%,,,,,,,,,,
2018,23940,Loddon (S),5 ,78 ,5.9%,,,,,,,,,,
2018,24130,Macedon Ranges (S),39 ,673 ,5.8%,,,,,,,,,,
2018,24210,Manningham (C),41 ,"1,218 ",3.4%,,,,,,,,,,
2018,24250,Mansfield (S),NDP,NDP,NDP,,,,,,,,,,
2018,24330,Maribyrnong (C),21 ,699 ,3.1%,,,,,,,,,,
2018,24410,Maroondah (C),63 ,"1,291 ",4.9%,,,,,,,,,,
2018,24600,Melbourne (C),18 ,481 ,3.8%,,,,,,,,,,
2018,24650,Melton (C),112 ,"1,877 ",6.0%,,,,,,,,,,
2018,24780,Mildura (RC),62 ,661 ,9.4%,,,,,,,,,,
2018,24850,Mitchell (S),60 ,555 ,10.8%,,,,,,,,,,
2018,24900,Moira (S),30 ,317 ,9.6%,,,,,,,,,,
2018,24970,Monash (C),33 ,"1,830 ",1.8%,,,,,,,,,,
2018,25060,Moonee Valley (C),14 ,404 ,3.6%,,,,,,,,,,
2018,25150,Moorabool (S),27 ,436 ,6.1%,,,,,,,,,,
2018,25250,Moreland (C),43 ,"1,255 ",3.4%,,,,,,,,,,
2018,25340,Mornington Peninsula (S),84 ,"1,754 ",4.8%,,,,,,,,,,
2018,25430,Mount Alexander (S),12 ,162 ,7.5%,,,,,,,,,,
2018,25490,Moyne (S),11 ,174 ,6.3%,,,,,,,,,,
2018,25620,Murrindindi (S),10 ,141 ,7.2%,,,,,,,,,,
2018,25710,Nillumbik (S),25 ,501 ,5.1%,,,,,,,,,,
2018,25810,Northern Grampians (S),6 ,111 ,5.5%,,,,,,,,,,
2018,25900,Port Phillip (C),16 ,666 ,2.3%,,,,,,,,,,
2018,25990,Pyrenees (S),NDP,NDP,NDP,,,,,,,,,,
2018,26080,Queenscliffe (B),NDP,NDP,NDP,,,,,,,,,,
2018,26170,South Gippsland (S),29 ,373 ,7.7%,,,,,,,,,,
2018,26260,Southern Grampians (S),12 ,143 ,8.4%,,,,,,,,,,
2018,26350,Stonnington (C),11 ,631 ,1.8%,,,,,,,,,,
2018,26430,Strathbogie (S),10 ,86 ,11.6%,,,,,,,,,,
2018,26490,Surf Coast (S),10 ,357 ,2.7%,,,,,,,,,,
2018,26610,Swan Hill (RC),18 ,264 ,6.7%,,,,,,,,,,
2018,26670,Towong (S),7 ,72 ,9.3%,,,,,,,,,,
2018,29399,Unincorporated Vic,NDP,NDP,NDP,,,,,,,,,,
2018,2,Unknown LGA in Victoria,5 ,43 ,11.6%,,,,,,,,,,
2018,26700,Wangaratta (RC),27 ,310 ,8.8%,,,,,,,,,,
2018,26730,Warrnambool (C),13 ,307 ,4.3%,,,,,,,,,,
2018,26810,Wellington (S),59 ,504 ,11.6%,,,,,,,,,,
2018,26890,West Wimmera (S),NDP,NDP,NDP,,,,,,,,,,
2018,26980,Whitehorse (C),54 ,"1,556 ",3.4%,,,,,,,,,,
2018,27070,Whittlesea (C),150 ,"2,842 ",5.3%,,,,,,,,,,
2018,27170,Wodonga (C),60 ,555 ,10.8%,,,,,,,,,,
2018,27260,Wyndham (C),202 ,"3,902 ",5.2%,,,,,,,,,,
2018,27350,Yarra (C),13 ,320 ,4.0%,,,,,,,,,,
2018,27450,Yarra Ranges (S),111 ,"1,733 ",6.4%,,,,,,,,,,
2018,27630,Yarriambiack (S),7 ,54 ,13.4%,,,,,,,,,,
2018,,Victoria- Female,"1,251 ","28,710 ",4.4%,,,,,,,,,,
2018,,Victoria- Male,"2,303 ","30,372 ",7.6%,,,,,,,,,,
2018,,Victoria- Other Gender,8 ,"4,694 ",0.2%,"Please note - Victoria Other Gender includes responses for Indeterminate, Intersex, Unspecified and Invalid (including not stated).",,,,,,,,,
2018,,Victoria- Aboriginal,215 ,"1,131 ",19.0%,,,,,,,,,,
2018,,Victoria- Non-Aboriginal,"3,346 ","62,663 ",5.3%,Please note - Victoria Non-Aboriginal includes invalid and not stated responses. ,,,,,,,,,
2018,,Victoria- Lives with both parents,"2,236 ","49,037 ",4.6%,,,,,,,,,,
2018,,Victoria- Lives with one parent,904 ,"7,340 ",12.3%,,,,,,,,,,
2018,,Victoria- Other living arrangements,422 ,"7,422 ",5.7%,,,,,,,,,,
2018,,Victoria,"3,561 ","63,794 ",5.6%,,,,,,,,,,
2019,20110,Alpine (S),6 ,131 ,4.2%,,,,,,,,,,
2019,20260,Ararat (RC),8 ,110 ,7.3%,,,,,,,,,,
2019,20570,Ballarat (C),102 ,"1,124 ",9.1%,,,,,,,,,,
2019,20660,Banyule (C),53 ,"1,165 ",4.6%,,,,,,,,,,
2019,20740,Bass Coast (S),20 ,372 ,5.3%,,,,,,,,,,
2019,20830,Baw Baw (S),61 ,585 ,10.5%,,,,,,,,,,
2019,20910,Bayside (C),31 ,924 ,3.4%,,,,,,,,,,
2019,21010,Benalla (RC),10 ,122 ,7.8%,,,,,,,,,,
2019,21110,Boroondara (C),45 ,"1,470 ",3.1%,,,,,,,,,,
2019,21180,Brimbank (C),150 ,"2,303 ",6.5%,,,,,,,,,,
2019,21270,Buloke (S),8 ,51 ,15.5%,,,,,,,,,,
2019,21370,Campaspe (S),48 ,428 ,11.2%,,,,,,,,,,
2019,21450,Cardinia (S),131 ,"1,691 ",7.7%,,,,,,,,,,
2019,21610,Casey (C),286 ,"4,435 ",6.4%,,,,,,,,,,
2019,21670,Central Goldfields (S),17 ,113 ,15.3%,,,,,,,,,,
2019,21750,Colac-Otway (S),21 ,221 ,9.3%,,,,,,,,,,
2019,21830,Corangamite (S),15 ,137 ,11.0%,,,,,,,,,,
2019,21890,Darebin (C),57 ,"1,208 ",4.7%,,,,,,,,,,
2019,22110,East Gippsland (S),61 ,459 ,13.3%,,,,,,,,,,
2019,22170,Frankston (C),129 ,"1,561 ",8.2%,,,,,,,,,,
2019,22250,Gannawarra (S),8 ,98 ,8.2%,,,,,,,,,,
2019,22310,Glen Eira (C),54 ,"1,467 ",3.7%,,,,,,,,,,
2019,22410,Glenelg (S),13 ,153 ,8.3%,,,,,,,,,,
2019,22490,Golden Plains (S),25 ,277 ,9.1%,,,,,,,,,,
2019,22620,Greater Bendigo (C),124 ,"1,330 ",9.3%,,,,,,,,,,
2019,22670,Greater Dandenong (C),116 ,"1,726 ",6.7%,,,,,,,,,,
2019,22750,Greater Geelong (C),210 ,"2,674 ",7.9%,,,,,,,,,,
2019,22830,Greater Shepparton (C),99 ,885 ,11.2%,,,,,,,,,,
2019,22910,Hepburn (S),13 ,144 ,9.3%,,,,,,,,,,
2019,22980,Hindmarsh (S),6 ,39 ,16.1%,,,,,,,,,,
2019,23110,Hobsons Bay (C),56 ,"1,247 ",4.5%,,,,,,,,,,
2019,23190,Horsham (RC),16 ,192 ,8.3%,,,,,,,,,,
2019,23270,Hume (C),197 ,"2,765 ",7.1%,,,,,,,,,,
2019,23350,Indigo (S),15 ,181 ,8.5%,,,,,,,,,,
2019,23430,Kingston (C),89 ,"1,649 ",5.4%,,,,,,,,,,
2019,23670,Knox (C),106 ,"1,590 ",6.7%,,,,,,,,,,
2019,23810,Latrobe (C),109 ,881 ,12.4%,,,,,,,,,,
2019,23940,Loddon (S),6 ,86 ,7.2%,,,,,,,,,,
2019,24130,Macedon Ranges (S),45 ,620 ,7.2%,,,,,,,,,,
2019,24210,Manningham (C),45 ,"1,233 ",3.6%,,,,,,,,,,
2019,24250,Mansfield (S),8 ,88 ,8.8%,,,,,,,,,,
2019,24330,Maribyrnong (C),45 ,901 ,5.0%,,,,,,,,,,
2019,24410,Maroondah (C),84 ,"1,295 ",6.5%,,,,,,,,,,
2019,24600,Melbourne (C),23 ,542 ,4.2%,,,,,,,,,,
2019,24650,Melton (C),177 ,"1,983 ",8.9%,,,,,,,,,,
2019,24780,Mildura (RC),70 ,699 ,10.0%,,,,,,,,,,
2019,24850,Mitchell (S),44 ,474 ,9.4%,,,,,,,,,,
2019,24900,Moira (S),36 ,335 ,10.8%,,,,,,,,,,
2019,24970,Monash (C),71 ,"1,810 ",3.9%,,,,,,,,,,
2019,25060,Moonee Valley (C),46 ,"1,180 ",3.9%,,,,,,,,,,
2019,25150,Moorabool (S),40 ,424 ,9.5%,,,,,,,,,,
2019,25250,Moreland (C),82 ,"1,419 ",5.8%,,,,,,,,,,
2019,25340,Mornington Peninsula (S),85 ,"1,617 ",5.3%,,,,,,,,,,
2019,25430,Mount Alexander (S),14 ,190 ,7.2%,,,,,,,,,,
2019,25490,Moyne (S),15 ,175 ,8.3%,,,,,,,,,,
2019,25620,Murrindindi (S),9 ,139 ,6.7%,,,,,,,,,,
2019,25710,Nillumbik (S),24 ,594 ,4.0%,,,,,,,,,,
2019,25810,Northern Grampians (S),8 ,83 ,9.3%,,,,,,,,,,
2019,25900,Port Phillip (C),26 ,636 ,4.1%,,,,,,,,,,
2019,25990,Pyrenees (S),6 ,71 ,8.3%,,,,,,,,,,
2019,26080,Queenscliffe (B),NDP,NDP,NDP,,,,,,,,,,
2019,26170,South Gippsland (S),33 ,345 ,9.5%,,,,,,,,,,
2019,26260,Southern Grampians (S),12 ,115 ,10.2%,,,,,,,,,,
2019,26350,Stonnington (C),14 ,553 ,2.5%,,,,,,,,,,
2019,26430,Strathbogie (S),8 ,97 ,8.3%,,,,,,,,,,
2019,26490,Surf Coast (S),14 ,390 ,3.6%,,,,,,,,,,
2019,26610,Swan Hill (RC),24 ,268 ,8.8%,,,,,,,,,,
2019,26670,Towong (S),NDP,NDP,NDP,,,,,,,,,,
2019,29399,Unincorporated Vic,NDP,NDP,NDP,,,,,,,,,,
2019,2,Unknown LGA in Victoria,NDP,NDP,NDP,,,,,,,,,,
2019,26700,Wangaratta (RC),25 ,262 ,9.4%,,,,,,,,,,
2019,26730,Warrnambool (C),31 ,313 ,9.8%,,,,,,,,,,
2019,26810,Wellington (S),60 ,505 ,11.9%,,,,,,,,,,
2019,26890,West Wimmera (S),NDP,NDP,NDP,,,,,,,,,,
2019,26980,Whitehorse (C),63 ,"1,675 ",3.7%,,,,,,,,,,
2019,27070,Whittlesea (C),190 ,"2,967 ",6.4%,,,,,,,,,,
2019,27170,Wodonga (C),64 ,476 ,13.4%,,,,,,,,,,
2019,27260,Wyndham (C),258 ,"4,311 ",6.0%,,,,,,,,,,
2019,27350,Yarra (C),20 ,500 ,4.0%,,,,,,,,,,
2019,27450,Yarra Ranges (S),146 ,"1,738 ",8.4%,,,,,,,,,,
2019,27630,Yarriambiack (S),9 ,76 ,12.2%,,,,,,,,,,
2019,,Victoria- Female," 1,693 "," 30,272 ",5.6%,,,,,,,,,,
2019,,Victoria- Male," 2,795 "," 31,982 ",8.7%,,,,,,,,,,
2019,,Victoria- Other Gender, 15 ," 5,028 ",0.3%,"Please note - Victoria Other Gender includes responses for Indeterminate, Intersex, Unspecified and Invalid (including not stated).",,,,,,,,,
2019,,Victoria- Aboriginal, 225 ," 1,216 ",18.5%,,,,,,,,,,
2019,,Victoria- Non-Aboriginal," 4,280 "," 66,071 ",6.5%,Please note - Victoria Non-Aboriginal includes invalid and not stated responses. ,,,,,,,,,
2019,,Victoria- Lives with both parents," 2,947 "," 51,929 ",5.7%,,,,,,,,,,
2019,,Victoria- Lives with one parent," 1,059 "," 7,368 ",14.4%,,,,,,,,,,
2019,,Victoria- Other living arrangements, 499 ," 7,990 ",6.2%,,,,,,,,,,
2019,,Victoria," 4,504 "," 67,286 ",6.7%,,,,,,,,,,
2020,20110,Alpine (S),8 ,125 ,6.1%,,,,,,,,,,
2020,20260,Ararat (RC),11 ,100 ,11.4%,,,,,,,,,,
2020,20570,Ballarat (C),102 ,"1,026 ",9.9%,,,,,,,,,,
2020,20660,Banyule (C),40 ,903 ,4.4%,,,,,,,,,,
2020,20740,Bass Coast (S),24 ,344 ,6.9%,,,,,,,,,,
2020,20830,Baw Baw (S),51 ,558 ,9.1%,,,,,,,,,,
2020,20910,Bayside (C),6 ,82 ,7.9%,,,,,,,,,,
2020,21010,Benalla (RC),14 ,120 ,11.6%,,,,,,,,,,
2020,21110,Boroondara (C),41 ,"1,122 ",3.7%,,,,,,,,,,
2020,21180,Brimbank (C),125 ,"1,694 ",7.4%,,,,,,,,,,
2020,21270,Buloke (S),NDP,NDP,NDP,,,,,,,,,,
2020,21370,Campaspe (S),42 ,419 ,10.0%,,,,,,,,,,
2020,21450,Cardinia (S),128 ,"1,362 ",9.4%,,,,,,,,,,
2020,21610,Casey (C),261 ,"3,562 ",7.3%,,,,,,,,,,
2020,21670,Central Goldfields (S),14 ,104 ,13.1%,,,,,,,,,,
2020,21750,Colac-Otway (S),12 ,220 ,5.5%,,,,,,,,,,
2020,21830,Corangamite (S),12 ,107 ,10.9%,,,,,,,,,,
2020,21890,Darebin (C),55 ,905 ,6.0%,,,,,,,,,,
2020,22110,East Gippsland (S),44 ,453 ,9.7%,,,,,,,,,,
2020,22170,Frankston (C),127 ,"1,170 ",10.9%,,,,,,,,,,
2020,22250,Gannawarra (S),10 ,114 ,8.8%,,,,,,,,,,
2020,22310,Glen Eira (C),28 ,755 ,3.7%,,,,,,,,,,
2020,22410,Glenelg (S),14 ,126 ,11.1%,,,,,,,,,,
2020,22490,Golden Plains (S),23 ,244 ,9.4%,,,,,,,,,,
2020,22620,Greater Bendigo (C),141 ,"1,245 ",11.3%,,,,,,,,,,
2020,22670,Greater Dandenong (C),91 ,"1,374 ",6.6%,,,,,,,,,,
2020,22750,Greater Geelong (C),224 ,"2,201 ",10.2%,,,,,,,,,,
2020,22830,Greater Shepparton (C),66 ,709 ,9.4%,,,,,,,,,,
2020,22910,Hepburn (S),12 ,125 ,9.9%,,,,,,,,,,
2020,22980,Hindmarsh (S),NDP,NDP,NDP,,,,,,,,,,
2020,23110,Hobsons Bay (C),44 ,"1,067 ",4.1%,,,,,,,,,,
2020,23190,Horsham (RC),NDP,NDP,NDP,,,,,,,,,,
2020,23270,Hume (C),148 ,"1,980 ",7.5%,,,,,,,,,,
2020,23350,Indigo (S),15 ,135 ,11.3%,,,,,,,,,,
2020,23430,Kingston (C),45 ,767 ,5.9%,,,,,,,,,,
2020,23670,Knox (C),97 ,"1,509 ",6.4%,,,,,,,,,,
2020,23810,Latrobe (C),102 ,812 ,12.6%,,,,,,,,,,
2020,23940,Loddon (S),11 ,72 ,15.8%,,,,,,,,,,
2020,24130,Macedon Ranges (S),40 ,679 ,5.9%,,,,,,,,,,
2020,24210,Manningham (C),50 ,"1,096 ",4.5%,,,,,,,,,,
2020,24250,Mansfield (S),5 ,76 ,6.3%,,,,,,,,,,
2020,24330,Maribyrnong (C),46 ,787 ,5.9%,,,,,,,,,,
2020,24410,Maroondah (C),87 ,"1,216 ",7.2%,,,,,,,,,,
2020,24600,Melbourne (C),16 ,484 ,3.2%,,,,,,,,,,
2020,24650,Melton (C),159 ,"1,578 ",10.1%,,,,,,,,,,
2020,24780,Mildura (RC),48 ,963 ,5.0%,,,,,,,,,,
2020,24850,Mitchell (S),83 ,688 ,12.1%,,,,,,,,,,
2020,24900,Moira (S),56 ,467 ,12.1%,,,,,,,,,,
2020,24970,Monash (C),24 ,292 ,8.3%,,,,,,,,,,
2020,25060,Moonee Valley (C),58 ,"1,603 ",3.6%,,,,,,,,,,
2020,25150,Moorabool (S),46 ,"1,002 ",4.6%,,,,,,,,,,
2020,25250,Moreland (C),56 ,490 ,11.3%,,,,,,,,,,
2020,25340,Mornington Peninsula (S),81 ,978 ,8.3%,,,,,,,,,,
2020,25430,Mount Alexander (S),11 ,157 ,6.7%,,,,,,,,,,
2020,25490,Moyne (S),12 ,113 ,10.5%,,,,,,,,,,
2020,25620,Murrindindi (S),17 ,122 ,13.7%,,,,,,,,,,
2020,25710,Nillumbik (S),29 ,565 ,5.1%,,,,,,,,,,
2020,25810,Northern Grampians (S),12 ,65 ,18.5%,,,,,,,,,,
2020,25900,Port Phillip (C),17 ,435 ,3.9%,,,,,,,,,,
2020,25990,Pyrenees (S),6 ,68 ,8.9%,,,,,,,,,,
2020,26080,Queenscliffe (B),NDP,NDP,NDP,,,,,,,,,,
2020,26170,South Gippsland (S),25 ,284 ,8.8%,,,,,,,,,,
2020,26260,Southern Grampians (S),12 ,104 ,11.3%,,,,,,,,,,
2020,26350,Stonnington (C),12 ,330 ,3.6%,,,,,,,,,,
2020,26430,Strathbogie (S),10 ,90 ,11.2%,,,,,,,,,,
2020,26490,Surf Coast (S),17 ,361 ,4.7%,,,,,,,,,,
2020,26610,Swan Hill (RC),20 ,240 ,8.2%,,,,,,,,,,
2020,26670,Towong (S),5 ,68 ,7.5%,,,,,,,,,,
2020,29399,Unincorporated Vic,NDP,NDP,NDP,,,,,,,,,,
2020,2,Unknown LGA in Victoria,NDP,NDP,NDP,,,,,,,,,,
2020,26700,Wangaratta (RC),19 ,286 ,6.7%,,,,,,,,,,
2020,26730,Warrnambool (C),19 ,207 ,9.4%,,,,,,,,,,
2020,26810,Wellington (S),41 ,469 ,8.8%,,,,,,,,,,
2020,26890,West Wimmera (S),NDP,NDP,NDP,,,,,,,,,,
2020,26980,Whitehorse (C),59 ,"1,500 ",3.9%,,,,,,,,,,
2020,27070,Whittlesea (C),147 ,"2,181 ",6.7%,,,,,,,,,,
2020,27170,Wodonga (C),53 ,487 ,10.8%,,,,,,,,,,
2020,27260,Wyndham (C),242 ,"3,916 ",6.2%,,,,,,,,,,
2020,27350,Yarra (C),12 ,274 ,4.4%,,,,,,,,,,
2020,27450,Yarra Ranges (S),134 ,"1,527 ",8.8%,,,,,,,,,,
2020,27630,Yarriambiack (S),NDP,NDP,NDP,,,,,,,,,,
2020,,Victoria- Female,"1,461 ","24,741 ",5.9%,,,,,,,,,,
2020,,Victoria- Male,"2,507 ","25,938 ",9.7%,,,,,,,,,,
2020,,Victoria- Other Gender,14 ,"3,286 ",0.4%,"Please note - Victoria Other Gender includes responses for Indeterminate, Intersex, Unspecified and Invalid (including not stated).",,,,,,,,,
2020,,Victoria- Aboriginal,211 ,"1,068 ",19.7%,,,,,,,,,,
2020,,Victoria- Non-Aboriginal,"3,771 ","52,897 ",7.1%,Please note - Victoria Non-Aboriginal includes invalid and not stated responses. ,,,,,,,,,
2020,,Victoria- Lives with both parents,"2,558 ","42,055 ",6.1%,,,,,,,,,,
2020,,Victoria- Lives with one parent,941 ,"6,066 ",15.5%,,,,,,,,,,
2020,,Victoria- Other living arrangements,482 ,"5,845 ",8.3%,,,,,,,,,,
2020,,Victoria,"3,982 ","53,966 ",7.4%,,,,,,,,,,
2021,20110,Alpine (S),10 ,111 ,9.0%,,,,,,,,,,
2021,20260,Ararat (RC),16 ,121 ,13.2%,,,,,,,,,,
2021,20570,Ballarat (C),130 ,"1,168 ",11.1%,,,,,,,,,,
2021,20660,Banyule (C),42 ,849 ,4.9%,,,,,,,,,,
2021,20740,Bass Coast (S),35 ,372 ,9.4%,,,,,,,,,,
2021,20830,Baw Baw (S),75 ,748 ,10.0%,,,,,,,,,,
2021,20910,Bayside (C),34 ,702 ,4.8%,,,,,,,,,,
2021,21010,Benalla (RC),7 ,107 ,6.5%,,,,,,,,,,
2021,21110,Boroondara (C),33 ,"1,112 ",3.0%,,,,,,,,,,
2021,21180,Brimbank (C),129 ,"1,687 ",7.6%,,,,,,,,,,
2021,21270,Buloke (S),7 ,46 ,15.2%,,,,,,,,,,
2021,21370,Campaspe (S),41 ,394 ,10.4%,,,,,,,,,,
2021,21450,Cardinia (S),128 ,"1,443 ",8.9%,,,,,,,,,,
2021,21610,Casey (C),323 ,"4,500 ",7.2%,,,,,,,,,,
2021,21670,Central Goldfields (S),16 ,133 ,12.0%,,,,,,,,,,
2021,21750,Colac-Otway (S),14 ,208 ,6.7%,,,,,,,,,,
2021,21830,Corangamite (S),15 ,156 ,9.6%,,,,,,,,,,
2021,21890,Darebin (C),52 ,890 ,5.8%,,,,,,,,,,
2021,22110,East Gippsland (S),38 ,264 ,14.4%,,,,,,,,,,
2021,22170,Frankston (C),126 ,"1,446 ",8.7%,,,,,,,,,,
2021,22250,Gannawarra (S),14 ,124 ,11.3%,,,,,,,,,,
2021,22310,Glen Eira (C),49 ,"1,206 ",4.1%,,,,,,,,,,
2021,22410,Glenelg (S),15 ,167 ,9.0%,,,,,,,,,,
2021,22490,Golden Plains (S),23 ,203 ,11.3%,,,,,,,,,,
2021,22620,Greater Bendigo (C),123 ,"1,278 ",9.6%,,,,,,,,,,
2021,22670,Greater Dandenong (C),98 ,"1,560 ",6.3%,,,,,,,,,,
2021,22750,Greater Geelong (C),217 ,"2,606 ",8.3%,,,,,,,,,,
2021,22830,Greater Shepparton (C),68 ,664 ,10.2%,,,,,,,,,,
2021,22910,Hepburn (S),16 ,117 ,13.7%,,,,,,,,,,
2021,22980,Hindmarsh (S),NDP,NDP,NDP,,,,,,,,,,
2021,23110,Hobsons Bay (C),51 ,"1,031 ",4.9%,,,,,,,,,,
2021,23190,Horsham (RC),23 ,135 ,17.0%,,,,,,,,,,
2021,23270,Hume (C),170 ,"2,543 ",6.7%,,,,,,,,,,
2021,23350,Indigo (S),11 ,174 ,6.3%,,,,,,,,,,
2021,23430,Kingston (C),73 ,"1,249 ",5.8%,,,,,,,,,,
2021,23670,Knox (C),98 ,"1,536 ",6.4%,,,,,,,,,,
2021,23810,Latrobe (C),89 ,769 ,11.6%,,,,,,,,,,
2021,23940,Loddon (S),NDP,NDP,NDP,,,,,,,,,,
2021,24130,Macedon Ranges (S),40 ,648 ,6.2%,,,,,,,,,,
2021,24210,Manningham (C),43 ,"1,147 ",3.7%,,,,,,,,,,
2021,24250,Mansfield (S),NDP,NDP,NDP,,,,,,,,,,
2021,24330,Maribyrnong (C),46 ,715 ,6.4%,,,,,,,,,,
2021,24410,Maroondah (C),86 ,"1,255 ",6.9%,,,,,,,,,,
2021,24600,Melbourne (C),18 ,582 ,3.1%,,,,,,,,,,
2021,24650,Melton (C),158 ,"1,854 ",8.5%,,,,,,,,,,
2021,24780,Mildura (RC),78 ,"1,312 ",5.9%,,,,,,,,,,
2021,24850,Mitchell (S),74 ,683 ,10.8%,,,,,,,,,,
2021,24900,Moira (S),57 ,510 ,11.2%,,,,,,,,,,
2021,24970,Monash (C),35 ,310 ,11.3%,,,,,,,,,,
2021,25060,Moonee Valley (C),80 ,"1,640 ",4.9%,,,,,,,,,,
2021,25150,Moorabool (S),46 ,"1,008 ",4.6%,,,,,,,,,,
2021,25250,Moreland (C),41 ,343 ,12.0%,,,,,,,,,,
2021,25340,Mornington Peninsula (S),109 ,"1,461 ",7.5%,,,,,,,,,,
2021,25430,Mount Alexander (S),10 ,170 ,5.9%,,,,,,,,,,
2021,25490,Moyne (S),11 ,149 ,7.4%,,,,,,,,,,
2021,25620,Murrindindi (S),7 ,117 ,6.0%,,,,,,,,,,
2021,25710,Nillumbik (S),27 ,509 ,5.3%,,,,,,,,,,
2021,25810,Northern Grampians (S),14 ,105 ,13.3%,,,,,,,,,,
2021,25900,Port Phillip (C),19 ,607 ,3.1%,,,,,,,,,,
2021,25990,Pyrenees (S),5 ,60 ,8.3%,,,,,,,,,,
2021,26080,Queenscliffe (B),NDP,NDP,NDP,,,,,,,,,,
2021,26170,South Gippsland (S),24 ,331 ,7.3%,,,,,,,,,,
2021,26260,Southern Grampians (S),19 ,178 ,10.7%,,,,,,,,,,
2021,26350,Stonnington (C),11 ,449 ,2.4%,,,,,,,,,,
2021,26430,Strathbogie (S),7 ,98 ,7.1%,,,,,,,,,,
2021,26490,Surf Coast (S),13 ,380 ,3.4%,,,,,,,,,,
2021,26610,Swan Hill (RC),23 ,229 ,10.0%,,,,,,,,,,
2021,26670,Towong (S),NDP,NDP,NDP,,,,,,,,,,
2021,29399,Unincorporated Vic,NDP,NDP,NDP,,,,,,,,,,
2021,2,Unknown LGA in Victoria,NDP,NDP,NDP,,,,,,,,,,
2021,26700,Wangaratta (RC),22 ,294 ,7.5%,,,,,,,,,,
2021,26730,Warrnambool (C),27 ,321 ,8.4%,,,,,,,,,,
2021,26810,Wellington (S),60 ,511 ,11.7%,,,,,,,,,,
2021,26890,West Wimmera (S),NDP,NDP,NDP,,,,,,,,,,
2021,26980,Whitehorse (C),61 ,"1,410 ",4.3%,,,,,,,,,,
2021,27070,Whittlesea (C),170 ,"2,371 ",7.2%,,,,,,,,,,
2021,27170,Wodonga (C),89 ,583 ,15.3%,,,,,,,,,,
2021,27260,Wyndham (C),215 ,"3,901 ",5.5%,,,,,,,,,,
2021,27350,Yarra (C),11 ,275 ,4.0%,,,,,,,,,,
2021,27450,Yarra Ranges (S),125 ,"1,641 ",7.6%,,,,,,,,,,
2021,27630,Yarriambiack (S),10 ,42 ,23.8%,,,,,,,,,,
2021,,Victoria- Female,"1,629 ","27,677 ",5.9%,,,,,,,,,,
2021,,Victoria- Male,"2,659 ","28,798 ",9.2%,,,,,,,,,,
2021,,Victoria- Other Gender,20 ,"3,781 ",0.5%,"Please note - Victoria Other Gender includes responses for Indeterminate, Intersex, Unspecified and Invalid (including not stated).",,,,,,,,,
2021,,Victoria- Aboriginal,247 ,"1,147 ",21.5%,,,,,,,,,,
2021,,Victoria- Non-Aboriginal,"4,061 ","59,109 ",6.9%,Please note - Victoria Non-Aboriginal includes invalid and not stated responses. ,,,,,,,,,
2021,,Victoria- Lives with both parents,"2,807 ","47,514 ",5.9%,,,,,,,,,,
2021,,Victoria- Lives with one parent,979 ,"6,337 ",15.4%,,,,,,,,,,
2021,,Victoria- Other living arrangements,522 ,"6,405 ",8.1%,,,,,,,,,,
2021,,Victoria,"4,308 ","60,256 ",7.1%,,,,,,,,,,
,,,,,,,,,,,,,,,